{
  "peajes": [
    {
      "id": "3877",
      "nombre": "ABURRA",
      "lat": 6.29319200000003,
      "lon": -75.651083,
      "via": "Puente Aurrá - Medellín",
      "tarifa_cat1": 20600,
      "ubicacion": "Oriente Occidente Km 39+600 Occidente Oriente Km 44+800 -  vía Santa Fe de Antioquia Medellín"
    },
    {
      "id": "3846",
      "nombre": "ACAPULCO",
      "lat": 4.99906200000004,
      "lon": -75.858871,
      "via": "La Virginia - Remolinos",
      "tarifa_cat1": 14600,
      "ubicacion": "Vía Y de Cerritos  - Cauyá PR2507 Km 24"
    },
    {
      "id": "3937",
      "nombre": "AGUAS NEGRAS",
      "lat": 6.64532600000007,
      "lon": -73.952462,
      "via": "Río Ermitaño - La Lizama",
      "tarifa_cat1": 13500,
      "ubicacion": "Vía Rio Ermitaño La Lizama Km 84"
    },
    {
      "id": "3935",
      "nombre": "ALBARRACÍN",
      "lat": 5.29067700000007,
      "lon": -73.5835039999999,
      "via": "Chocontá - Tunja",
      "tarifa_cat1": 10300,
      "ubicacion": "Vía Bogotá Tunja KM 82+200 -  Jurisdicción Villa Pinzón (Cundinamarca)"
    },
    {
      "id": "3816",
      "nombre": "ALTAMIRA",
      "lat": 2.14288500000004,
      "lon": -75.700684,
      "via": "Planeta Rica - La Ye",
      "tarifa_cat1": 10700,
      "ubicacion": "Vía Planeta Rica - Sincelejo Km 26 + 300"
    },
    {
      "id": "3818",
      "nombre": "ALTO PINO",
      "lat": 11.4448736530001,
      "lon": -72.5423520589999,
      "via": "Rioacha - Paraguachon",
      "tarifa_cat1": 12300,
      "ubicacion": "Cogua – Tausa Km 40+000"
    },
    {
      "id": "3983",
      "nombre": "ALVARADO",
      "lat": 4.50760900000006,
      "lon": -74.991661,
      "via": "La Victoria - Cartago - Cerritos",
      "tarifa_cat1": 13700,
      "ubicacion": "Vía Andalucía – Y de Cerritos PR2506 Km 86"
    },
    {
      "id": "3822",
      "nombre": "AMAGÁ",
      "lat": 6.04694900000004,
      "lon": -75.6598739999999,
      "via": "El Santuario - Cruce Ruta 45 (Caño Alegre)",
      "tarifa_cat1": 10500,
      "ubicacion": "KM 03+100 RUTA 6005 Via Santuario - Puerto Triunfo"
    },
    {
      "id": "3951",
      "nombre": "ANDES",
      "lat": 4.83000300000003,
      "lon": -74.033081,
      "via": "Bogotá-La Caro-Tunja",
      "tarifa_cat1": 11100,
      "ubicacion": "Sector Bogotá (calle 236)-Briceño"
    },
    {
      "id": "13216",
      "nombre": "ARCABUCO",
      "lat": 5.79502465700006,
      "lon": -73.477619939,
      "via": "Barbosa - Tunja",
      "tarifa_cat1": 12200,
      "ubicacion": "Barbosa - Tunja"
    },
    {
      "id": "12410",
      "nombre": "ARMERO",
      "lat": 4.95835200000005,
      "lon": -74.9144259999999,
      "via": "San Gil - Bucaramanga",
      "tarifa_cat1": 13700,
      "ubicacion": "Vía San Gil - Bucaramanga Km 53+730 Jurisdicción Municipio de Piedecuesta"
    },
    {
      "id": "3803",
      "nombre": "BAYUNCA",
      "lat": 10.546992,
      "lon": -75.365173,
      "via": "Los Llanos - Tarazá",
      "tarifa_cat1": 11200,
      "ubicacion": "KM 03+450 RUTA 2511 -  vía Medellin - La Costa"
    },
    {
      "id": "3882",
      "nombre": "BAZURTO  (MANGA)",
      "lat": 10.4067850500001,
      "lon": -75.526546588,
      "via": "Puente Nacional - San Gil",
      "tarifa_cat1": 2300,
      "ubicacion": "Vía Puente Nacional – San Gil Km 62+950"
    },
    {
      "id": "3927",
      "nombre": "BETANIA",
      "lat": 3.97204071900006,
      "lon": -76.2533831599999,
      "via": "Aguaclara - Río de Oro",
      "tarifa_cat1": 8200,
      "ubicacion": "Km 14 Vía Aguasclaras – Ocaña"
    },
    {
      "id": "13209",
      "nombre": "BICENTENARIO",
      "lat": 5.20310293600005,
      "lon": -74.6846173499999,
      "via": "Honda - Villeta",
      "tarifa_cat1": 13000,
      "ubicacion": "Villeta - Puerto Salgar"
    },
    {
      "id": "3910",
      "nombre": "BOQUERÓN I",
      "lat": 4.45259900000002,
      "lon": -74.0733949999999,
      "via": "San Roque - La Paz",
      "tarifa_cat1": 16500,
      "ubicacion": "Tramo que cubre:Vía Rincón Hondo - Agustín Codazzi"
    },
    {
      "id": "3973",
      "nombre": "BOQUERÓN II",
      "lat": 4.45458400000007,
      "lon": -74.05033,
      "via": "Río Negro - San Alberto",
      "tarifa_cat1": 16500,
      "ubicacion": "Vía Rio Negro – San Alberto Km  53+100"
    },
    {
      "id": "8405",
      "nombre": "BRISAS",
      "lat": 5.45854500000007,
      "lon": -74.6397259999999,
      "via": "Mediacanoa - Ansermanuevo",
      "tarifa_cat1": 6400,
      "ubicacion": "Vía Mediacanoa - Ansermanuevo Km 13"
    },
    {
      "id": "3878",
      "nombre": "CABILDO",
      "lat": 6.39579700000007,
      "lon": -75.423661,
      "via": "Ubaté - Puente Nacional",
      "tarifa_cat1": 16700,
      "ubicacion": "Vía Ubate Puente Nacional  Km 66+200 Jurisdicción Saboyá"
    },
    {
      "id": "3934",
      "nombre": "CAIMANERA",
      "lat": 9.46567700000003,
      "lon": -75.606506,
      "via": "Coveñas - San Onofre",
      "tarifa_cat1": 15300,
      "ubicacion": ""
    },
    {
      "id": "3868",
      "nombre": "CAIQUEROS",
      "lat": 5.06536600000004,
      "lon": -74.4141079999999,
      "via": "Cauyá - La Felisa",
      "tarifa_cat1": 12800,
      "ubicacion": "Vía Cauyá - El Palo"
    },
    {
      "id": "3950",
      "nombre": "CALAMAR",
      "lat": 10.208106,
      "lon": -74.945015,
      "via": "San Roque - La Paz",
      "tarifa_cat1": 16300,
      "ubicacion": "Tramo que cubre:Vía Aguztín Codazzi - San Diego"
    },
    {
      "id": "3987",
      "nombre": "CAMBAO",
      "lat": 4.94641200000007,
      "lon": -74.719094,
      "via": "San Gil - Bucaramanga",
      "tarifa_cat1": 12800,
      "ubicacion": "VÍA BUCARAMANGA - SAN GIL"
    },
    {
      "id": "12903",
      "nombre": "CANO",
      "lat": 1.42545608200004,
      "lon": -77.284452436,
      "via": "Pasto - Mojarras",
      "tarifa_cat1": 14800,
      "ubicacion": "San Juan de Pasto - Cano"
    },
    {
      "id": "12896",
      "nombre": "CARIMAGUA",
      "lat": 8.60485611200005,
      "lon": -75.484821096,
      "via": "Planeta Rica - La Ye",
      "tarifa_cat1": 17700,
      "ubicacion": "Vía Planeta Rica - Sincelejo Km 26 + 300"
    },
    {
      "id": "13218",
      "nombre": "CASABLANCA",
      "lat": 5.10439419400006,
      "lon": -73.912827744,
      "via": "Bogotá - Ubaté",
      "tarifa_cat1": 12100,
      "ubicacion": "Cogua – Tausa Km 40+000"
    },
    {
      "id": "3876",
      "nombre": "CASETABLA",
      "lat": 4.11271500000004,
      "lon": -72.8350139999999,
      "via": "Armenia - La Línea",
      "tarifa_cat1": 6900,
      "ubicacion": ""
    },
    {
      "id": "3881",
      "nombre": "CEBALLOS",
      "lat": 10.383016105,
      "lon": -75.5059221819999,
      "via": "La Línea - Cajamarca",
      "tarifa_cat1": 2500,
      "ubicacion": ""
    },
    {
      "id": "3830",
      "nombre": "CEDROS",
      "lat": 8.81977500000005,
      "lon": -75.998909,
      "via": "Puerto Rey - Monteria",
      "tarifa_cat1": 16100,
      "ubicacion": "Via Puerto Rey – Montería Km 47 Recorrido  67 KMS"
    },
    {
      "id": "5604",
      "nombre": "CENCAR",
      "lat": 3.55733700000008,
      "lon": -76.462683,
      "via": "Cali - Yumbo",
      "tarifa_cat1": 11000,
      "ubicacion": "Vía Yumbo – Aeropuerto Km 2+950"
    },
    {
      "id": "5605",
      "nombre": "CERRITO",
      "lat": 3.71302200000002,
      "lon": -76.31918,
      "via": "Cali - Palmira - Buga",
      "tarifa_cat1": 11000,
      "ubicacion": "Vía Cali - Andalucia Km 43+200"
    },
    {
      "id": "12905",
      "nombre": "CERRITOS II",
      "lat": 4.79340820900006,
      "lon": -75.859962863,
      "via": "La Victoria - Cartago - Cerritos",
      "tarifa_cat1": 15200,
      "ubicacion": "Vía Andalucía – Y de Cerritos PR2506 Km 86"
    },
    {
      "id": "3923",
      "nombre": "CHICORAL",
      "lat": 4.24550200000004,
      "lon": -74.880531,
      "via": "Variante Chicoral",
      "tarifa_cat1": 13800,
      "ubicacion": "Km. 17+0350 de la ruta 4004B que corresponde a la vía Variante de Chicoral"
    },
    {
      "id": "3991",
      "nombre": "CHINAUTA",
      "lat": 4.26937800000007,
      "lon": -74.500107,
      "via": "Girardot - Silvania - Bogotá (Bosa)",
      "tarifa_cat1": 13300,
      "ubicacion": "Soacha – Girardot Km 52"
    },
    {
      "id": "3815",
      "nombre": "CHUSACÁ",
      "lat": 4.53745200000003,
      "lon": -74.271805,
      "via": "Girardot - Silvania - Bogotá (Bosa)",
      "tarifa_cat1": 13300,
      "ubicacion": "Soacha – Girardot Km 109"
    },
    {
      "id": "5204",
      "nombre": "CIAT",
      "lat": 3.52344900000003,
      "lon": -76.3432789999999,
      "via": "Cali - Palmira - Buga",
      "tarifa_cat1": 11100,
      "ubicacion": "Vía Cali – Andalucía Km 17+300"
    },
    {
      "id": "3866",
      "nombre": "CIRCASIA",
      "lat": 4.69838800000002,
      "lon": -75.606148,
      "via": "Armenia-Pereira",
      "tarifa_cat1": 19200,
      "ubicacion": "Vía Armenia - Pereira Km. 16+750"
    },
    {
      "id": "10406",
      "nombre": "CIRILO",
      "lat": 8.21002779000003,
      "lon": -76.744136536,
      "via": "Vía Turbo - Necoclí",
      "tarifa_cat1": 12100,
      "ubicacion": "Vía turbo - Necoclí"
    },
    {
      "id": "3961",
      "nombre": "CISNEROS",
      "lat": 6.53633000000002,
      "lon": -75.074777,
      "via": "Cisneros - Alto de Dolores",
      "tarifa_cat1": 18000,
      "ubicacion": "KM 03+000 RUTA 6206. Via Cisneros - Puerto Berrio"
    },
    {
      "id": "12407",
      "nombre": "COCORA",
      "lat": 4.40574700000008,
      "lon": -75.2855,
      "via": "",
      "tarifa_cat1": 14200,
      "ubicacion": ""
    },
    {
      "id": "13212",
      "nombre": "COCORNÁ",
      "lat": 6.12460709800007,
      "lon": -75.243039628,
      "via": "El Santuario - Cruce Ruta 45 (Caño Alegre)",
      "tarifa_cat1": 17900,
      "ubicacion": "KM 03+100 RUTA 6005 Via Santuario - Puerto Triunfo"
    },
    {
      "id": "3840",
      "nombre": "COROZAL",
      "lat": 4.40792900000002,
      "lon": -75.899872,
      "via": "La Paila - Club Campestre",
      "tarifa_cat1": 14600,
      "ubicacion": "Vía La Paila - Armenia Km 23"
    },
    {
      "id": "3806",
      "nombre": "CORRALITO DE PIEDRA",
      "lat": 10.3096587110001,
      "lon": -75.485086785,
      "via": "Vía a Barú",
      "tarifa_cat1": 7900,
      "ubicacion": "Variante Mamonal - Gambote"
    },
    {
      "id": "4004",
      "nombre": "CORREDOR PORTUARIO",
      "lat": 10.957823864,
      "lon": -74.766759404,
      "via": "Calle 6",
      "tarifa_cat1": 6400,
      "ubicacion": ""
    },
    {
      "id": "13214",
      "nombre": "CURITÍ",
      "lat": 6.61769608900005,
      "lon": -73.0803086669999,
      "via": "San Gil - Bucaramanga",
      "tarifa_cat1": 12100,
      "ubicacion": "San Gil - Aratoca"
    },
    {
      "id": "12902",
      "nombre": "EL BORDO",
      "lat": 2.18894946000006,
      "lon": -76.851164685,
      "via": "Mojarras - Popayán",
      "tarifa_cat1": 12400,
      "ubicacion": "Kilometro 60+800 Vía Panamericana Mojarras – Popayan"
    },
    {
      "id": "3849",
      "nombre": "EL CARMEN",
      "lat": 9.68215500000002,
      "lon": -75.124916,
      "via": "Puerta de Hierro - Carreto",
      "tarifa_cat1": 11100,
      "ubicacion": "Km 70+500 Troncal de Occidente Ruta 2515 Vía Sincelejo – Calamar"
    },
    {
      "id": "3809",
      "nombre": "EL COPEY",
      "lat": 10.060372,
      "lon": -73.923826,
      "via": "Bosconia - Río Ariguaní",
      "tarifa_cat1": 10100,
      "ubicacion": "Km 10+300 Vía Bosconia – Rio Ariguani"
    },
    {
      "id": "3966",
      "nombre": "EL CORZO",
      "lat": 4.74872200000004,
      "lon": -74.291145,
      "via": "El Corzo - Madrid",
      "tarifa_cat1": 11800,
      "ubicacion": "El Corzo - Madrid"
    },
    {
      "id": "13215",
      "nombre": "EL CRUCERO",
      "lat": 5.63127850700005,
      "lon": -72.9212520309999,
      "via": "Sogamoso - El Crucero",
      "tarifa_cat1": 12200,
      "ubicacion": "Via Sogamoso Yopal Km 8+900  Jurisdiccion Sogamoso"
    },
    {
      "id": "3827",
      "nombre": "EL DIFÍCIL",
      "lat": 9.83116600000005,
      "lon": -74.267754,
      "via": "Plato – Pueblo Nuevo",
      "tarifa_cat1": 11700,
      "ubicacion": "KM 67+300 Plato – Pueblo Nuevo"
    },
    {
      "id": "3845",
      "nombre": "EL EBANAL",
      "lat": 11.276194,
      "lon": -73.122124,
      "via": "Río Palomino - Riohacha",
      "tarifa_cat1": 12300,
      "ubicacion": "Ubicación: 53+950 Tramo que cubre:Vía Riohacha - Palomino"
    },
    {
      "id": "3852",
      "nombre": "EL KORÁN",
      "lat": 5.49713170400003,
      "lon": -74.613729591,
      "via": "El Korán - Guaduas",
      "tarifa_cat1": 18900,
      "ubicacion": "Bogotá – Medellín - Norte"
    },
    {
      "id": "3946",
      "nombre": "EL PATÁ",
      "lat": 3.39378700000003,
      "lon": -75.2037579999999,
      "via": "Neiva - Natagaima",
      "tarifa_cat1": 15700,
      "ubicacion": "Vía Neiva – Castilla Km 54+400 Jurisdicción de Aipe"
    },
    {
      "id": "3967",
      "nombre": "EL PICACHO",
      "lat": 7.10796900000003,
      "lon": -72.9689789999999,
      "via": "Cuestaboba - Pamplona",
      "tarifa_cat1": 12400,
      "ubicacion": "Bucaramanga - Pamplona"
    },
    {
      "id": "13208",
      "nombre": "EL PLACER",
      "lat": 1.06457300000005,
      "lon": -77.428397,
      "via": "Rumichaca - Pasto",
      "tarifa_cat1": 14200,
      "ubicacion": "Nariño - Tangua"
    },
    {
      "id": "3918",
      "nombre": "EL PLACER 2",
      "lat": 1.08728410200007,
      "lon": -77.408655204,
      "via": "Puente Internacional Rumichaca - San Juan de Pasto",
      "tarifa_cat1": 12300,
      "ubicacion": "A un Kilometro del Municipio de Tangua Km. 56+050"
    },
    {
      "id": "3826",
      "nombre": "EL ROBLE",
      "lat": 5.03128500000003,
      "lon": -73.839882,
      "via": "Bogotá - Chocontá",
      "tarifa_cat1": 10300,
      "ubicacion": "Bogotá – Albarracín Km 36"
    },
    {
      "id": "4804",
      "nombre": "ESTAMBUL",
      "lat": 3.50073900000007,
      "lon": -76.4430649999999,
      "via": "Cali - Palmira - Buga",
      "tarifa_cat1": 11100,
      "ubicacion": "Vía Cali – Andalucía Km 5"
    },
    {
      "id": "3844",
      "nombre": "FLANDES",
      "lat": 4.19209900000004,
      "lon": -74.8611529999999,
      "via": "El Espinal - Girardot",
      "tarifa_cat1": 15700,
      "ubicacion": "Km. 4 Vía Espinal - Girardot"
    },
    {
      "id": "3871",
      "nombre": "FUSCA",
      "lat": 4.83535800000004,
      "lon": -74.0289309999999,
      "via": "Bogotá - Ubaté",
      "tarifa_cat1": 11100,
      "ubicacion": "Bogotá – Albarracín Km 4"
    },
    {
      "id": "3805",
      "nombre": "GALAPA",
      "lat": 10.8375330000001,
      "lon": -74.902122,
      "via": "Sabanalarga - Barranquilla",
      "tarifa_cat1": 11900,
      "ubicacion": "Vía Cordialidad Km 98"
    },
    {
      "id": "12408",
      "nombre": "GALAPA 02",
      "lat": 10.8821750000001,
      "lon": -74.8370609899999,
      "via": "",
      "tarifa_cat1": 8300,
      "ubicacion": ""
    },
    {
      "id": "3917",
      "nombre": "GAMBOTE",
      "lat": 10.136159,
      "lon": -75.264267,
      "via": "Cruz del Viso - Cartagena",
      "tarifa_cat1": 11200,
      "ubicacion": "Km 61+400 Ruta 9005 Troncal de Occidente"
    },
    {
      "id": "12806",
      "nombre": "GUAICO",
      "lat": 5.10591700000003,
      "lon": -75.760278,
      "via": "",
      "tarifa_cat1": 21000,
      "ubicacion": ""
    },
    {
      "id": "3814",
      "nombre": "GUALANDAY",
      "lat": 4.30042600000007,
      "lon": -75.050087,
      "via": "Ibague (Puente Blanco) - Cruce Ruta 45 (Espinal)",
      "tarifa_cat1": 12700,
      "ubicacion": "Km. 9+0600 de la ruta 4004 que corresponde a la vía Ibagué (Puente Blanco  El Espinal (cruce ruta 45))  Espinal"
    },
    {
      "id": "3858",
      "nombre": "GUARNE",
      "lat": 6.32795500000003,
      "lon": -75.5155329999999,
      "via": "Medellín - Santuario",
      "tarifa_cat1": 16800,
      "ubicacion": "Km 7 Autopista Medellín - Bogotá"
    },
    {
      "id": "6404",
      "nombre": "GUATAQUÍ",
      "lat": 4.56443500000006,
      "lon": -74.797319,
      "via": "Tramo que cubre la via Guataquí - Cambao - Honda",
      "tarifa_cat1": 12800,
      "ubicacion": "Km 3 Ruta 45"
    },
    {
      "id": "3962",
      "nombre": "GUAYABAL",
      "lat": 4.88341307600007,
      "lon": -74.4831854,
      "via": "Guayabal de Síquima - Cambao",
      "tarifa_cat1": 12400,
      "ubicacion": "Peaje Rio Bogotá – Facatativa – Villeta – Viani – Cambao Km 63 Jurisdicción del Municipio de Guayabal"
    },
    {
      "id": "3940",
      "nombre": "HONDA",
      "lat": 5.20158400000003,
      "lon": -74.820282,
      "via": "Fresno - Honda",
      "tarifa_cat1": 13700,
      "ubicacion": "Km 35 + 100 Vía Mariquita – Honda"
    },
    {
      "id": "3970",
      "nombre": "IRACÁ",
      "lat": 3.63303700000006,
      "lon": -73.706421,
      "via": "Ye de Granada - Paso por el Puente sobre el Río Ocoa",
      "tarifa_cat1": 13100,
      "ubicacion": "Vía Villavicencio – Granada Km 7+200"
    },
    {
      "id": "12409",
      "nombre": "IRRA",
      "lat": 5.25773200000003,
      "lon": -75.657461,
      "via": "",
      "tarifa_cat1": 14600,
      "ubicacion": ""
    },
    {
      "id": "3898",
      "nombre": "JALISCO",
      "lat": 4.90135570300004,
      "lon": -74.426167866,
      "via": "Sasaima - Albán",
      "tarifa_cat1": 12400,
      "ubicacion": "Peaje Río Bogotá – Facatativá – Villeta – Vianí – Cambao Km 89+400 Jurisdicción del Municipio de Albán"
    },
    {
      "id": "10006",
      "nombre": "JUAN MINA",
      "lat": 10.9343822760001,
      "lon": -74.898251187,
      "via": "Vía Juan Mina - Las Hermanas",
      "tarifa_cat1": 8300,
      "ubicacion": "Vía La Cordialidad - Galapa"
    },
    {
      "id": "3945",
      "nombre": "LA APARTADA",
      "lat": 8.03150800000003,
      "lon": -75.30281,
      "via": "Caucasia - Planeta Rica",
      "tarifa_cat1": 14000,
      "ubicacion": "Vía Caucasia – Planeta Rica  Km 12"
    },
    {
      "id": "3850",
      "nombre": "LA CABAÑA",
      "lat": 4.80945400000007,
      "lon": -73.945587,
      "via": "Bogotá (Los Patios) - Guasca",
      "tarifa_cat1": 12300,
      "ubicacion": "La Calera – Briceño Km 21+800"
    },
    {
      "id": "3819",
      "nombre": "LA ESPERANZA",
      "lat": 9.43074200000007,
      "lon": -75.435951,
      "via": "Sincelejo - Toluviejo",
      "tarifa_cat1": 10900,
      "ubicacion": "Toluviego - Sincelejo"
    },
    {
      "id": "3900",
      "nombre": "LA ESTRELLA",
      "lat": 5.12551851000006,
      "lon": -75.505280332,
      "via": "Manizales - Neira",
      "tarifa_cat1": 6100,
      "ubicacion": ""
    },
    {
      "id": "3800",
      "nombre": "LA GÓMEZ",
      "lat": 7.39717600000006,
      "lon": -73.546519,
      "via": "Cruce Ruta 45 (La Fortuna) - Lebrija",
      "tarifa_cat1": 13500,
      "ubicacion": "Vía La Lizama – San Alberto Km 37 + 300"
    },
    {
      "id": "3905",
      "nombre": "LA HEROICA",
      "lat": 10.342343514,
      "lon": -75.490621142,
      "via": "Variante Mamonal - Gambote",
      "tarifa_cat1": 2900,
      "ubicacion": "Variante Mamonal - Gambote"
    },
    {
      "id": "3922",
      "nombre": "LA LIBERTAD",
      "lat": 4.05697000000004,
      "lon": -73.463287,
      "via": "Villavicencio - Paso por el Puente sobre el Río La Balsa -Puerto Lopez",
      "tarifa_cat1": 16900,
      "ubicacion": "Vía Villavicencio – Puerto López Km 18+900"
    },
    {
      "id": "11206",
      "nombre": "LA LIZAMA",
      "lat": 7.08351700000003,
      "lon": -73.717392,
      "via": "Barrancabermeja -  La Lizama ubicación km 4",
      "tarifa_cat1": 16700,
      "ubicacion": "La Lizama"
    },
    {
      "id": "3801",
      "nombre": "LA LOMA",
      "lat": 9.63800300000003,
      "lon": -73.6394349999999,
      "via": "San Roque - Bosconia",
      "tarifa_cat1": 10400,
      "ubicacion": "Km 42 Vía San Roque - Bosconia"
    },
    {
      "id": "12901",
      "nombre": "LA PARADA",
      "lat": 7.86745647200007,
      "lon": -72.484164639,
      "via": "Cúcuta - Puente Internacional Simón Bolívar",
      "tarifa_cat1": 2700,
      "ubicacion": "Km. 2 de la Autopista Internacional que comunica a Cúcuta con San Antonio"
    },
    {
      "id": "3911",
      "nombre": "LA TEBAIDA",
      "lat": 4.74462434300005,
      "lon": -74.171477243,
      "via": "Funza - Cota",
      "tarifa_cat1": 11200,
      "ubicacion": "Kilómetro 8 Vía Mosquera - Chía Jurisdicción del Municipio de Funza"
    },
    {
      "id": "3988",
      "nombre": "LA URIBE",
      "lat": 4.25246825100004,
      "lon": -76.118437533,
      "via": "Andalucía - La Paila -La Victoria",
      "tarifa_cat1": 8400,
      "ubicacion": "Vía Andalucía – Cerritos Km 12+300"
    },
    {
      "id": "3867",
      "nombre": "LAS FLORES",
      "lat": 9.31889100000006,
      "lon": -75.320053,
      "via": "Sincelejo - Corozal",
      "tarifa_cat1": 6100,
      "ubicacion": "Sincelejo-Puerta de Hierro-Calamar"
    },
    {
      "id": "3932",
      "nombre": "LAS PALMAS",
      "lat": 6.15063000000004,
      "lon": -75.5312729999999,
      "via": "Glorieta Las Palmas - La Unión",
      "tarifa_cat1": 12200,
      "ubicacion": "Km. 5 RUTA 5601 Vía Medellín -  La Ceja"
    },
    {
      "id": "3843",
      "nombre": "LAUREANO GÓMEZ",
      "lat": 10.978719174,
      "lon": -74.729718979,
      "via": "Barranquilla - Santa Marta",
      "tarifa_cat1": 10100,
      "ubicacion": "KM 3+300 Vía Barranquilla – Santa Marta"
    },
    {
      "id": "7205",
      "nombre": "LEBRIJA",
      "lat": 7.10312711700004,
      "lon": -73.188611598,
      "via": "Lebrija - Palenque",
      "tarifa_cat1": 7200,
      "ubicacion": "Vía Fortuna - Bucaramanga Km 65+500 Jurisdicción del municipuio de Lebrija"
    },
    {
      "id": "3980",
      "nombre": "LOBOGUERRERO",
      "lat": 3.76300400000002,
      "lon": -76.6655939999999,
      "via": "Cruce Ruta 40 (Loboguerrero) - Buga",
      "tarifa_cat1": 10300,
      "ubicacion": "VÍA BUENAVENTURA - BUGA KM 63+700 Tramo que cubre: Desde el PR 63+310 en Loboguerrero y finaliza en el PR 118+418 en Buga"
    },
    {
      "id": "3930",
      "nombre": "LOS ACACIOS",
      "lat": 7.72137200000003,
      "lon": -72.57132,
      "via": "Pamplona - Cúcuta",
      "tarifa_cat1": 7900,
      "ubicacion": "Km 119+900"
    },
    {
      "id": "3857",
      "nombre": "LOS CAUCHOS",
      "lat": 2.78557800000004,
      "lon": -75.301956,
      "via": "Garzón - Neiva",
      "tarifa_cat1": 9200,
      "ubicacion": "Vía Garzon – Neiva Km 98+499 Jurisdicción Municipio de Rivera"
    },
    {
      "id": "13219",
      "nombre": "LOS CUROS",
      "lat": 6.82563436700002,
      "lon": -72.999481869,
      "via": "San Gil - Bucaramanga",
      "tarifa_cat1": 12100,
      "ubicacion": "Aratoca - Bucaramanga"
    },
    {
      "id": "3968",
      "nombre": "LOS GARZONES 1",
      "lat": 8.84519800000004,
      "lon": -75.824585,
      "via": "Montería - Cereté",
      "tarifa_cat1": 6100,
      "ubicacion": "Vía Monteria - Lorica Km. 1 más 320 metros"
    },
    {
      "id": "3999",
      "nombre": "LOS GARZONES 2",
      "lat": 8.82778300000007,
      "lon": -75.836761,
      "via": "Montería - Cereté",
      "tarifa_cat1": 6100,
      "ubicacion": "Vía Monteria - Lorica Km. 1 más 320 metros"
    },
    {
      "id": "12898",
      "nombre": "LOS LLANOS",
      "lat": 6.83050248100005,
      "lon": -75.468140396,
      "via": "Los Llanos - Tarazá",
      "tarifa_cat1": 12400,
      "ubicacion": "KM 03+450 RUTA 2511 -  vía Medellin - La Costa"
    },
    {
      "id": "3851",
      "nombre": "LOS PATIOS",
      "lat": 4.66337400000003,
      "lon": -74.0105799999999,
      "via": "Bogotá (Los Patios) - Guasca",
      "tarifa_cat1": 12300,
      "ubicacion": "La Calera – Briceño Km 0+050"
    },
    {
      "id": "3810",
      "nombre": "MACHETÁ",
      "lat": 5.07724900000005,
      "lon": -73.553398,
      "via": "Brisas - Guateque",
      "tarifa_cat1": 16900,
      "ubicacion": "Vía Sisga – Guateque Km 27"
    },
    {
      "id": "3976",
      "nombre": "MANGUITOS",
      "lat": 8.30157200000002,
      "lon": -75.530099,
      "via": "Caucasia - Planeta Rica",
      "tarifa_cat1": 16100,
      "ubicacion": "Vía Caucasia – Planeta Rica (Municipio de Plaza Bonita) Cubre Tramo Buenavista – Planeta Rica"
    },
    {
      "id": "3904",
      "nombre": "MARAHUACO",
      "lat": 10.574535,
      "lon": -75.4505589999999,
      "via": "Cartagena - Lomita Arena",
      "tarifa_cat1": 18400,
      "ubicacion": "Km 16 Vía Cartagena  - Barranquilla"
    },
    {
      "id": "3938",
      "nombre": "MATA DE CAÑA",
      "lat": 9.09145900000004,
      "lon": -75.8198619999999,
      "via": "Cereté - Lorica",
      "tarifa_cat1": 15800,
      "ubicacion": "Vía Monteria - Lorica Km 32+700 Metros"
    },
    {
      "id": "5606",
      "nombre": "MEDIACANOA",
      "lat": 3.75991200000004,
      "lon": -76.411322,
      "via": "Yumbo - Mediacanoa",
      "tarifa_cat1": 11000,
      "ubicacion": "Vía Cali – Mediacanoa Km 36+600"
    },
    {
      "id": "3887",
      "nombre": "MONDOÑEDO",
      "lat": 4.63824152500007,
      "lon": -74.2939825239999,
      "via": "La Mesa - Mosquera",
      "tarifa_cat1": 11200,
      "ubicacion": "Vía Chía – La Mesa – Girardot Km 105 Jurisdicción del Municipio de Bojacá"
    },
    {
      "id": "3995",
      "nombre": "MORRISON",
      "lat": 8.09234900000007,
      "lon": -73.560015,
      "via": "San Alberto - La Mata",
      "tarifa_cat1": 12300,
      "ubicacion": "Km 28+500 Vía San Alberto – Aguaclara"
    },
    {
      "id": "3997",
      "nombre": "NARANJAL",
      "lat": 4.27987200000007,
      "lon": -73.834808,
      "via": "Bogotá (El Portal) - Villavicencio",
      "tarifa_cat1": 14100,
      "ubicacion": "Caqueza – Guayabetal Km 44+700"
    },
    {
      "id": "3863",
      "nombre": "NEGUANJE",
      "lat": 11.2530630000001,
      "lon": -74.109322,
      "via": "Santa Marta - Río Palomino",
      "tarifa_cat1": 12300,
      "ubicacion": "Ubicación: 6+500 Tramo que cubre: Puente Nenguange – Palomino"
    },
    {
      "id": "3854",
      "nombre": "NEIVA",
      "lat": 2.97780200000005,
      "lon": -75.307259,
      "via": "Neiva - Natagaima",
      "tarifa_cat1": 15700,
      "ubicacion": "Vía Neiva – Castilla Km 3+700 Jurisdicción Municipio de Neiva"
    },
    {
      "id": "3965",
      "nombre": "NIQUÍA",
      "lat": 6.34510075000003,
      "lon": -75.526595507,
      "via": "Medellìn - Hoyo Rico",
      "tarifa_cat1": 2500,
      "ubicacion": "Km 15+000 Autopista norte"
    },
    {
      "id": "3892",
      "nombre": "NUEVO SALTO",
      "lat": 4.58154202000003,
      "lon": -74.2986611859999,
      "via": "El Colegio - El Charquito",
      "tarifa_cat1": 11700,
      "ubicacion": "Kilómetro 1.4 Vía Chusacá – El Triunfo – Viotá – El Portillo en la Vereda Charquito (Soacha)"
    },
    {
      "id": "3853",
      "nombre": "OCOA",
      "lat": 4.02625900000004,
      "lon": -73.7751919999999,
      "via": "Ye de Granada - Paso por el Puente sobre el Río Ocoa",
      "tarifa_cat1": 13100,
      "ubicacion": "Vía Villavicencio – Granada Km 54+450"
    },
    {
      "id": "13213",
      "nombre": "OIBA",
      "lat": 6.17823641900003,
      "lon": -73.333289569,
      "via": "Puente Nacional - San Gil",
      "tarifa_cat1": 12100,
      "ubicacion": "Vía Puente Nacional – San Gil Km 62+950"
    },
    {
      "id": "3802",
      "nombre": "PAILITAS",
      "lat": 8.85280400000005,
      "lon": -73.669722,
      "via": "La Mata - San Roque",
      "tarifa_cat1": 12300,
      "ubicacion": "Km 28+500 Vía La Mata – San Roque"
    },
    {
      "id": "3899",
      "nombre": "PAJARITO",
      "lat": 6.33180205000002,
      "lon": -75.599368636,
      "via": "Medellín - San Pedro",
      "tarifa_cat1": 6000,
      "ubicacion": ""
    },
    {
      "id": "3835",
      "nombre": "PANDEQUESO",
      "lat": 6.47799800000007,
      "lon": -75.37861,
      "via": "Medellìn - Hoyo Rico",
      "tarifa_cat1": 14600,
      "ubicacion": "KM 38+700 RUTA 2510 -  vía Medellín – La costa"
    },
    {
      "id": "3855",
      "nombre": "PAPIROS",
      "lat": 11.0127000000001,
      "lon": -74.8895879999999,
      "via": "Cartagena - Lomita Arena",
      "tarifa_cat1": 3000,
      "ubicacion": "Vía al mar Km 101"
    },
    {
      "id": "3963",
      "nombre": "PARAGUACHÓN",
      "lat": 11.3676140000001,
      "lon": -72.156624,
      "via": "Riohacha - Paraguachón",
      "tarifa_cat1": 12300,
      "ubicacion": "Ubicación: 84+475 Tramo que cubre:Cuatro vías - Paraguachón"
    },
    {
      "id": "4000",
      "nombre": "PASACABALLOS",
      "lat": 10.2445070000001,
      "lon": -75.445772,
      "via": "Variante de Gambote",
      "tarifa_cat1": 11400,
      "ubicacion": "Variante de Gambote"
    },
    {
      "id": "5205",
      "nombre": "PASO DE LA TORRE",
      "lat": 3.62760200000002,
      "lon": -76.4576509999999,
      "via": "Paso de La Torre - Siberia (Variante Yumbo)",
      "tarifa_cat1": 11000,
      "ubicacion": "Vía Vijes – Rozo Km 1+500"
    },
    {
      "id": "3957",
      "nombre": "PAVAS (TRINIDAD I)",
      "lat": 5.02706200000006,
      "lon": -75.587418,
      "via": "Club Campestre - La Trinidad",
      "tarifa_cat1": 14600,
      "ubicacion": "Club Campestre – La Trinidad Km. 1 + 200"
    },
    {
      "id": "3811",
      "nombre": "PINTADA",
      "lat": 5.81215600000007,
      "lon": -75.679156,
      "via": "La Pintada - Peñalisa",
      "tarifa_cat1": 16200,
      "ubicacion": "KM 03 RUTA 25B01 Vía Pintada – Bolombolo"
    },
    {
      "id": "3885",
      "nombre": "PIPIRAL",
      "lat": 4.20004800000004,
      "lon": -73.72142,
      "via": "Bogotá (El Portal) - Villavicencio",
      "tarifa_cat1": 23000,
      "ubicacion": "Vía Villavicencio – Puente Susumuco Km 78+020"
    },
    {
      "id": "12900",
      "nombre": "PLATANAL",
      "lat": 8.23123833000005,
      "lon": -73.4985723359999,
      "via": "Aguaclara - Río de Oro",
      "tarifa_cat1": 11800,
      "ubicacion": "Km 14 Vía Aguasclaras – Ocaña"
    },
    {
      "id": "3856",
      "nombre": "PRIMAVERA",
      "lat": 5.96879700000005,
      "lon": -75.594025,
      "via": "La Pintada - Primavera",
      "tarifa_cat1": 10500,
      "ubicacion": "KM 38+800 RUTA  2509 -  Via Medellin - La Pintada"
    },
    {
      "id": "3912",
      "nombre": "PUBENZA",
      "lat": 4.40331639000004,
      "lon": -74.7314643409999,
      "via": "Girardot - Tocaima",
      "tarifa_cat1": 8500,
      "ubicacion": "Vía Chía – La Mesa – Girardot Km 16  Jurisdicción del Municipio de Tocaima"
    },
    {
      "id": "3925",
      "nombre": "PUENTE AMARILLO",
      "lat": 4.19417200000004,
      "lon": -73.5967029999999,
      "via": "Cumaral - Barranca de Upía",
      "tarifa_cat1": 4800,
      "ubicacion": "Conexión Anillo vial Cumaral Km 7+135"
    },
    {
      "id": "3941",
      "nombre": "PUENTE PLATO",
      "lat": 9.79138800000004,
      "lon": -74.808983,
      "via": "Plato – Pueblo Nuevo",
      "tarifa_cat1": 11700,
      "ubicacion": "KM 0+150  Vía Plata – Pueblo Nuevo"
    },
    {
      "id": "3952",
      "nombre": "PUERTO BERRÍO",
      "lat": 6.49666200000007,
      "lon": -74.501381,
      "via": "Cisneros - Puerto Berrío (Incluye el Puente sobre el Río Magdalena)",
      "tarifa_cat1": 10900,
      "ubicacion": "Vía Alto de Dolores - Puerto Berrío"
    },
    {
      "id": "3939",
      "nombre": "PUERTO COLOMBIA",
      "lat": 10.967563,
      "lon": -74.956105,
      "via": "Cartagena - Lomita Arena",
      "tarifa_cat1": 17200,
      "ubicacion": "Vía al Mar Km 93"
    },
    {
      "id": "13211",
      "nombre": "PUERTO TRIUNFO",
      "lat": 5.87259891400004,
      "lon": -74.611395406,
      "via": "Santuario - Cruce Ruta 45 (Caño Alegre)",
      "tarifa_cat1": 17900,
      "ubicacion": "KM 130+100 RUTA 6005 Autopista  Medellin - Bogota"
    },
    {
      "id": "3921",
      "nombre": "PURGATORIO",
      "lat": 8.63071100000008,
      "lon": -75.763725,
      "via": "Caucasia - Planeta Rica",
      "tarifa_cat1": 16100,
      "ubicacion": "Via Planeta Rica – Montería Km 32+500 Recorrido 49 KMS"
    },
    {
      "id": "3933",
      "nombre": "QUIEBRA DE VELEZ",
      "lat": 5.09425114600003,
      "lon": -75.555374468,
      "via": "Tres Puertas - Quiebra de Vélez - Manizales",
      "tarifa_cat1": 3100,
      "ubicacion": ""
    },
    {
      "id": "3886",
      "nombre": "RAMAL",
      "lat": 4.62716543300007,
      "lon": -74.289809132,
      "via": "Variante Soacha - La Mesa",
      "tarifa_cat1": 11200,
      "ubicacion": "kilómetro 106 Via Mosquera - Ramal a Soacha"
    },
    {
      "id": "12895",
      "nombre": "RINCÓN HONDO",
      "lat": 9.43103200100006,
      "lon": -73.473552148,
      "via": "San Roque - La Paz",
      "tarifa_cat1": 14000,
      "ubicacion": "Tramo que cubre:Vía Rincón Hondo - Agustín Codazzi"
    },
    {
      "id": "6004",
      "nombre": "ROZO",
      "lat": 3.64389600000004,
      "lon": -76.381091,
      "via": "Palmaseca - El Cerrito",
      "tarifa_cat1": 11000,
      "ubicacion": "Vía Palmaseca - Cerrito Km 17"
    },
    {
      "id": "12899",
      "nombre": "RÍO BLANCO",
      "lat": 7.63281900600003,
      "lon": -73.263641967,
      "via": "Río Negro - San Alberto",
      "tarifa_cat1": 12400,
      "ubicacion": "Rio Negro – San Alberto"
    },
    {
      "id": "3974",
      "nombre": "RÍO BOGOTÁ",
      "lat": 4.69870000000003,
      "lon": -74.179344,
      "via": "Los Alpes - Madrid - Bogotá (Rio Bogotá)",
      "tarifa_cat1": 11800,
      "ubicacion": "Fontibon - Mosquera"
    },
    {
      "id": "13221",
      "nombre": "RÍO FRÍO",
      "lat": 3.99550924900007,
      "lon": -76.328496698,
      "via": "Mediacanoa - Roldanillo",
      "tarifa_cat1": 12200,
      "ubicacion": "Mediacanoa - Ansermanuevo"
    },
    {
      "id": "6805",
      "nombre": "RÍONEGRO",
      "lat": 7.24326752600007,
      "lon": -73.149403777,
      "via": "La cemento - Rionegro",
      "tarifa_cat1": 7200,
      "ubicacion": "Vía Bucaramanga - Rionegro Km 13"
    },
    {
      "id": "3874",
      "nombre": "SABANAGRANDE",
      "lat": 10.799603,
      "lon": -74.759003,
      "via": "Palmar de Varela - Barranquilla",
      "tarifa_cat1": 11900,
      "ubicacion": "Vía Oriental Km 55"
    },
    {
      "id": "13210",
      "nombre": "SABOYÁ",
      "lat": 5.72786479600006,
      "lon": -73.744665879,
      "via": "Ubaté - Puente Nacional",
      "tarifa_cat1": 12100,
      "ubicacion": "Vía Ubate Puente Nacional  Km 66+200 Jurisdicción Saboyá"
    },
    {
      "id": "3869",
      "nombre": "SAN BERNARDO (TRINIDAD ll)",
      "lat": 5.05220000000003,
      "lon": -75.594574,
      "via": "Tres Puertas -La Manuela - Estación Uribe",
      "tarifa_cat1": 14600,
      "ubicacion": "Tres Puertas – Puente La Libertad Km. 9 + 200"
    },
    {
      "id": "6804",
      "nombre": "SAN CARLOS",
      "lat": 8.70998500000007,
      "lon": -75.716599,
      "via": "Monteria - San Carlos",
      "tarifa_cat1": 15800,
      "ubicacion": "Vía Montería - San Carlos ubicado sobre el Km -  9+700"
    },
    {
      "id": "13220",
      "nombre": "SAN CLEMENTE",
      "lat": 5.33243849400003,
      "lon": -75.7756032779999,
      "via": "Cauyá - La Felisa",
      "tarifa_cat1": 12200,
      "ubicacion": "Vía Cauyá - El Palo"
    },
    {
      "id": "12894",
      "nombre": "SAN DIEGO",
      "lat": 10.1217258250001,
      "lon": -73.238637775,
      "via": "San Roque - La Paz",
      "tarifa_cat1": 7000,
      "ubicacion": "Tramo que cubre:Vía Aguztín Codazzi - San Diego"
    },
    {
      "id": "3893",
      "nombre": "SAN MIGUEL",
      "lat": 4.44416465900002,
      "lon": -74.301889391,
      "via": "Fusagasugá - Sibaté",
      "tarifa_cat1": 7900,
      "ubicacion": ""
    },
    {
      "id": "3820",
      "nombre": "SAN ONOFRE",
      "lat": 9.87253100000004,
      "lon": -75.393358,
      "via": "San Onofre - María La Baja",
      "tarifa_cat1": 16100,
      "ubicacion": "Vía San Onofre – Cruz del Viso Km 21+400 metros"
    },
    {
      "id": "3888",
      "nombre": "SAN PEDRO",
      "lat": 4.58098863300006,
      "lon": -74.476174487,
      "via": "La Mesa - Anapoima",
      "tarifa_cat1": 10500,
      "ubicacion": "Chía - La Mesa - Girardot Km.61 Jurisdicción del Municipio de la Mesa"
    },
    {
      "id": "3955",
      "nombre": "SAN PEDRO",
      "lat": 4.67860900000005,
      "lon": -72.943748,
      "via": "Barranca de Upía - Monterrey",
      "tarifa_cat1": 10800,
      "ubicacion": "Villanueva - Monterrey Km.15+000"
    },
    {
      "id": "3880",
      "nombre": "SANTA ELENA",
      "lat": 6.17965929600007,
      "lon": -75.4613569959999,
      "via": "Vía Antigua a Rionegro",
      "tarifa_cat1": 10000,
      "ubicacion": "Km 21+500  -  Vía Medellín - Ríonegro"
    },
    {
      "id": "3929",
      "nombre": "SANTAGUEDA",
      "lat": 5.04866200000004,
      "lon": -75.598846,
      "via": "Chinchiná - La Manuela",
      "tarifa_cat1": 14600,
      "ubicacion": "Cruce Guayacanes – La Manuela Km 6"
    },
    {
      "id": "3943",
      "nombre": "SIBERIA",
      "lat": 4.78040200000004,
      "lon": -74.185028,
      "via": "Villeta - Bogotá",
      "tarifa_cat1": 13800,
      "ubicacion": "Bogotá (El Cortijo) – Siberia – La Punta – El Vino – Villeta"
    },
    {
      "id": "9606",
      "nombre": "SOPÓ",
      "lat": 4.84165600000006,
      "lon": -73.9360839999999,
      "via": "Meusa",
      "tarifa_cat1": 12300,
      "ubicacion": "El Salitre - Sopó"
    },
    {
      "id": "12807",
      "nombre": "SUPIA",
      "lat": 5.54052600000006,
      "lon": -75.570252,
      "via": "Autopista Conexión Pacífico 3",
      "tarifa_cat1": 10500,
      "ubicacion": ""
    },
    {
      "id": "3949",
      "nombre": "SUPÍA",
      "lat": 5.39159787600005,
      "lon": -75.599995129,
      "via": "La Felisa - La Pintada",
      "tarifa_cat1": 16100,
      "ubicacion": "Vía La Felisa – La Pintada"
    },
    {
      "id": "13217",
      "nombre": "SÁCHICA",
      "lat": 5.55768487600005,
      "lon": -73.5011577779999,
      "via": "Sáchica - Tunja",
      "tarifa_cat1": 12200,
      "ubicacion": "Vía Chiquinquirá Tunja km 42+800 Jurisdicción Sáchica"
    },
    {
      "id": "3870",
      "nombre": "TARAPACÁ I",
      "lat": 4.93954600000006,
      "lon": -75.6164449999999,
      "via": "La Romelia - Río Campo Alegre",
      "tarifa_cat1": 16100,
      "ubicacion": "Vía Pereira – Manizales Km. 20 + 200"
    },
    {
      "id": "3897",
      "nombre": "TARAPACÁ II",
      "lat": 4.95009900000002,
      "lon": -75.618682,
      "via": "Intersección Jazmín - Estación de  Servicio Chinchiná",
      "tarifa_cat1": 16100,
      "ubicacion": "Vía Pereira – Chinchiná PR29RSC Km 24 + 100"
    },
    {
      "id": "12897",
      "nombre": "TARAZÁ",
      "lat": 7.58918890900003,
      "lon": -75.393643031,
      "via": "Tarazá - Caucasia",
      "tarifa_cat1": 12400,
      "ubicacion": "KM 01+200 RUTA 2512 -  Via Medellin - La Costa"
    },
    {
      "id": "3841",
      "nombre": "TASAJERA",
      "lat": 10.9771881520001,
      "lon": -74.3366643319999,
      "via": "Barranquilla - Santa Marta",
      "tarifa_cat1": 10100,
      "ubicacion": "KM 50 Vía Barranquilla – Santa Marta"
    },
    {
      "id": "12904",
      "nombre": "TORO",
      "lat": 4.66542497700004,
      "lon": -76.049532448,
      "via": "Roldanillo - La Virginia",
      "tarifa_cat1": 12200,
      "ubicacion": "Mediacanoa - Ansermanuevo"
    },
    {
      "id": "3812",
      "nombre": "TRAPICHE",
      "lat": 6.39963700000004,
      "lon": -75.433016,
      "via": "Medellìn - Hoyo Rico",
      "tarifa_cat1": 16700,
      "ubicacion": "Km 4  Vía alterna Girardota Hatillo"
    },
    {
      "id": "3916",
      "nombre": "TUCUNICA",
      "lat": 10.608983,
      "lon": -74.168495,
      "via": "Paso Nacional por Aracataca - Ye de Ciénaga",
      "tarifa_cat1": 10900,
      "ubicacion": "KM 50 Rio Ariguani – Ye de Cienaga"
    },
    {
      "id": "3883",
      "nombre": "TURBACO",
      "lat": 10.3569754530001,
      "lon": -75.4434161349999,
      "via": "Cruz del Viso - Cartagena",
      "tarifa_cat1": 5100,
      "ubicacion": "Km 60+00 y 68+00 Ruta 9005 Troncal de Occidente"
    },
    {
      "id": "3813",
      "nombre": "TUTA",
      "lat": 5.65691200000003,
      "lon": -73.2784349999999,
      "via": "Tunja - Duitama",
      "tarifa_cat1": 10300,
      "ubicacion": "Via Tunja – Paipa Km 12+200 Jurisdiccion Combita"
    },
    {
      "id": "12906",
      "nombre": "TÚNEL DE LA LÍNEA QUINDÍO",
      "lat": 4.52345770800002,
      "lon": -75.5893814519999,
      "via": "Ibague - Armenia",
      "tarifa_cat1": 12400,
      "ubicacion": "Calarcá - Cajamarca"
    },
    {
      "id": "12907",
      "nombre": "TÚNEL DE LA LÍNEA TOLIMA",
      "lat": 4.44552673000004,
      "lon": -75.518799123,
      "via": "Armenia - La Línea",
      "tarifa_cat1": 12400,
      "ubicacion": "Armenia - Ibague"
    },
    {
      "id": "3798",
      "nombre": "VALENCIA",
      "lat": 10.2597040000001,
      "lon": -73.430756,
      "via": "Pueblo Nuevo – Bosconia – Valledupar",
      "tarifa_cat1": 10400,
      "ubicacion": "Km 87 Vía Pueblo Nuevo – Valledupar"
    },
    {
      "id": "3842",
      "nombre": "VERACRUZ",
      "lat": 4.26108800000003,
      "lon": -73.448189,
      "via": "Cumaral - Barranca de Upía",
      "tarifa_cat1": 8600,
      "ubicacion": "Vía Cumaral – Paratebueno Km 29+555"
    },
    {
      "id": "5607",
      "nombre": "VILLARICA",
      "lat": 3.15127600000005,
      "lon": -76.460045,
      "via": "Popayán - Jamundí",
      "tarifa_cat1": 11000,
      "ubicacion": "Kilometro 91 Vía Panamericana Jurisdicción del Municipio de Villa Rica"
    },
    {
      "id": "3859",
      "nombre": "YUCAO",
      "lat": 4.35131700000005,
      "lon": -72.169253,
      "via": "Puerto López - Puerto Gaitán",
      "tarifa_cat1": 6900,
      "ubicacion": "Vía Puerto López - Puerto Gaitán Km.99+200"
    },
    {
      "id": "3920",
      "nombre": "ZAMBITO",
      "lat": 6.29471400000006,
      "lon": -74.456992,
      "via": "Río Ermitaño - La Lizama",
      "tarifa_cat1": 13500,
      "ubicacion": "Vía Rio Ermitaño La Lizama Km 6"
    },
    {
      "id": "13207",
      "nombre": "ZARAGOZA",
      "lat": 7.63328800000005,
      "lon": -74.8947039999999,
      "via": "Autopista Conexión Norte",
      "tarifa_cat1": 15900,
      "ubicacion": "Antioquia - Zaragoza"
    }
  ],
  "total": 173,
  "fuente": "INVIAS - Instituto Nacional de Vías",
  "fecha_actualizacion": "2022-12-14"
}